09_04,"(0.5050190546480696, 0.2525598668902822)"
16_38,"(0.3799750597824108, 0.26885555668059774)"
16_15,"(0.5293979446457733, 0.15169937828580887)"
10_11,"(0.42266680134951745, 0.1284630942163528)"
15_32,"(0.39142815510153944, 0.1338261581876597)"
05_47,"(0.38435523210468747, 0.05220471721988241)"
06_12,"(0.4697004701036688, 0.25136867105044663)"
02_03,"(0.43033445388099434, 0.15161837819283014)"
03_22,"(0.45665734019844584, 0.12126904569543974)"
15_12,"(0.4302879997549011, 0.08636379074182889)"
02_30,"(0.3342429621369832, 0.16858695299310864)"
03_46,"(0.45722307826997094, 0.13873097428096692)"
03_38,"(0.5174620401872222, 0.2693973178696773)"
02_38,"(0.46469715617120805, 0.17407908231788524)"
10_38,"(0.4954866480774108, 0.06614330876816453)"
07_23,"(0.4758951051596975, 0.1372612843165181)"
13_33,"(0.38391493907291663, 0.1620516505347408)"
08_27,"(0.5412336815737034, 0.22617410507420285)"
13_41,"(0.51414302669266, 0.057358890330788476)"
00_08,"(0.37315580737854354, 0.11027676193329375)"
13_18,"(0.5538144640656272, 0.2764395038520425)"
15_49,"(0.45913465927663527, 0.04807361514765846)"
05_33,"(0.4198542931228544, 0.23972012802814563)"
07_10,"(0.550433371187363, 0.16579174279082598)"
11_44,"(0.4699151034439492, 0.12794287292579964)"
09_26,"(0.48760342926808803, 0.17457012860865062)"
10_34,"(0.306768708328415, 0.22838493552659667)"
04_20,"(0.3543929493541256, 0.21196774303677182)"
09_22,"(0.4544000920805643, 0.18162784066720294)"
04_46,"(0.3922761862636954, 0.2867684216456312)"
02_22,"(0.33990999496376156, 0.11192970110567158)"
10_23,"(0.4515870652396984, 0.09361864060629613)"
06_33,"(0.5559441981096075, 0.2005777540334399)"
03_32,"(0.39473524506461316, 0.1722260550950231)"
00_36,"(0.6119115853149659, 0.22662727610422082)"
05_24,"(0.37834010417467734, 0.06057378444853108)"
17_49,"(0.47119539063621924, 0.11667308991624124)"
04_36,"(0.3065142036142493, 0.10870318406959124)"
10_39,"(0.3055908445476847, 0.2748887446724248)"
17_17,"(0.48927016896772135, 0.05461550027645952)"
03_37,"(0.4045204354367338, 0.12206315527019206)"
01_47,"(0.5175975465379362, 0.08682012906286951)"
11_34,"(0.4981762125235349, 0.07685990354010765)"
09_33,"(0.364566123521864, 0.16812316837728628)"
13_36,"(0.3282871426019834, 0.05828346396406556)"
10_12,"(0.5384300729605688, 0.1369526669811532)"
12_46,"(0.330151396513421, 0.13014516711488577)"
04_25,"(0.410080185131444, 0.08005195598991303)"
08_40,"(0.4673153067910277, 0.24756247022809688)"
08_31,"(0.48830408944589904, 0.07318219793927319)"
00_09,"(0.5152109687909612, 0.20916510551371947)"
11_43,"(0.3875728232862687, 0.06126052675109585)"
12_44,"(0.3775546659395474, 0.2697166007555633)"
02_36,"(0.5284387322885807, 0.2931028637716235)"
07_01,"(0.43657062714768563, 0.1739813789922232)"
07_31,"(0.32939930847116206, 0.05849696703341576)"
12_30,"(0.5588726041171069, 0.12401019894692762)"
02_14,"(0.3596440134982745, 0.08575377377067803)"
05_15,"(0.44819023601738406, 0.2882228605569931)"
02_18,"(0.3803832645259934, 0.23372892082729793)"
13_01,"(0.31049309707482414, 0.09058211440698195)"
00_15,"(0.5353534603781666, 0.3013520899610343)"
05_48,"(0.47348665109793286, 0.2728854967782592)"
06_23,"(0.427618809542204, 0.1762143872120369)"
02_35,"(0.5054566564447726, 0.26553908948346816)"
00_24,"(0.48548885975879497, 0.10817871940166862)"
11_36,"(0.40987474495855014, 0.17806848646511717)"
02_44,"(0.34012631501036444, 0.17460546378631855)"
15_43,"(0.43341179711523925, 0.22638009123209754)"
15_39,"(0.45556612351765713, 0.19367626493924944)"
12_15,"(0.46320221271363266, 0.32085314011998994)"
02_08,"(0.3614838103070714, 0.2782510373611586)"
15_24,"(0.47174002540659116, 0.24173104042568402)"
00_29,"(0.5948919443455931, 0.09683224010829758)"
17_34,"(0.4609202211440426, 0.17106561343336596)"
13_30,"(0.3982542797077974, 0.1965060999038966)"
08_13,"(0.30742624338967184, 0.20363643329108638)"
13_44,"(0.5766108270610599, 0.19354207215255548)"
17_14,"(0.37102052241702915, 0.12378325820505101)"
01_44,"(0.31722240310735034, 0.1875949131716791)"
09_36,"(0.45919479721133794, 0.15401638298245737)"
12_01,"(0.4462067055399003, 0.04526741023491563)"
15_40,"(0.4339870721262263, 0.19632313813385283)"
15_28,"(0.4074286673112553, 0.11924730357915628)"
09_08,"(0.30366427468779, 0.14926735076656059)"
02_47,"(0.4436358984900731, 0.11821138969104483)"
03_24,"(0.3876948583810946, 0.05714070127806711)"
12_10,"(0.5579891936171867, 0.19751481205447025)"
05_43,"(0.5095882442518341, 0.29675198222201327)"
03_08,"(0.5118307577495473, 0.2498841955890155)"
17_00,"(0.3756693567199475, 0.32612412660364526)"
14_13,"(0.5326147729336742, 0.08775598052739814)"
08_12,"(0.3305591534497302, 0.056504716106279225)"
11_19,"(0.2920228327486147, 0.07940822348274863)"
02_37,"(0.32748752266104214, 0.12340479030060081)"
11_45,"(0.40939785513410104, 0.27077006368249956)"
04_21,"(0.40718440756105573, 0.2701731787102081)"
04_15,"(0.4206597140088728, 0.07778556713944393)"
15_34,"(0.4861406077594743, 0.20188445812986242)"
09_20,"(0.5512505856597869, 0.221836854965944)"
03_04,"(0.31802143228149854, 0.19789020094229304)"
10_07,"(0.4964838868448588, 0.27449039728794766)"
04_09,"(0.4629038346046913, 0.06147775357362501)"
09_07,"(0.5200861080995767, 0.1662568376779619)"
12_12,"(0.4461172957101021, 0.05459252120259965)"
04_16,"(0.4873453264750489, 0.10290018124442762)"
10_03,"(0.33566723556725625, 0.29254874514203627)"
08_05,"(0.40934537047616365, 0.09780610734077745)"
03_43,"(0.3634342640135545, 0.1595834961562369)"
08_06,"(0.3001723992333822, 0.0840918591722166)"
12_29,"(0.35650912261499496, 0.07651954406857799)"
14_48,"(0.31821855868151644, 0.29889614683828125)"
16_28,"(0.5089431487630885, 0.2739401134733125)"
09_09,"(0.4812827488060119, 0.25135239435373646)"
15_05,"(0.40303025326611297, 0.1353708575125083)"
10_13,"(0.3622689874679304, 0.04837347124565315)"
08_43,"(0.3442539825060416, 0.35141840739470165)"
10_47,"(0.4738463789249394, 0.23612882010112524)"
16_02,"(0.3906358401933574, 0.2913072589621601)"
00_45,"(0.30955340124414676, 0.10273644708562234)"
02_29,"(0.3331782610433165, 0.13894512224492422)"
14_21,"(0.3929842146307945, 0.31753632883202454)"
14_10,"(0.314561349334587, 0.272683562340853)"
05_40,"(0.5488792098453185, 0.08928039895836283)"
08_47,"(0.3327498005344955, 0.07727747919746969)"
10_20,"(0.4569165924513604, 0.27990693595781646)"
05_28,"(0.4337013177523636, 0.0422387690550843)"
05_32,"(0.42752875572485505, 0.29366523311672643)"
03_28,"(0.4048755251203944, 0.29310231952245913)"
01_06,"(0.463826793471654, 0.08576476870395112)"
13_45,"(0.3321135526986062, 0.26901632302273876)"
09_19,"(0.4267264863337956, 0.11447903573417742)"
17_08,"(0.29762389431573005, 0.14149773859562398)"
13_15,"(0.48933232846397007, 0.19041052128080727)"
15_00,"(0.5367252853771999, 0.22590355062515216)"
07_39,"(0.47985276459063825, 0.15547912956708201)"
03_07,"(0.3005444401213318, 0.2277548822563481)"
00_35,"(0.4530884225830654, 0.20465829010232992)"
05_11,"(0.372260205337438, 0.29531113740353393)"
09_30,"(0.5352151880033517, 0.1699044409221275)"
08_28,"(0.377379451835308, 0.23931349320424034)"
12_09,"(0.40263518682404187, 0.056973120391921095)"
06_22,"(0.34343532047525205, 0.20463352563138282)"
09_18,"(0.3245369911930782, 0.07634399726915139)"
14_40,"(0.5498740614349509, 0.19821710604298506)"
15_33,"(0.4849360326268436, 0.06234285125352595)"
09_31,"(0.40893289605548966, 0.052146905865743096)"
04_03,"(0.39292313114780275, 0.15759357092501403)"
07_32,"(0.43075837440666725, 0.062470599095057935)"
11_40,"(0.5519615085780452, 0.2943798303696616)"
14_36,"(0.38248943520785983, 0.10994138958964564)"
14_09,"(0.5140314657216611, 0.15788626917164375)"
04_34,"(0.2946667729762512, 0.17000862266991884)"
12_31,"(0.37053946412077654, 0.21566852352878293)"
02_12,"(0.44642246770378463, 0.20393007223755072)"
16_05,"(0.3355922866593933, 0.05832568579524171)"
07_00,"(0.5489928255091443, 0.26636404142707626)"
14_49,"(0.43933221891253044, 0.12107530194484259)"
16_00,"(0.32686360837674633, 0.13348058293526735)"
01_31,"(0.38834452380390216, 0.1857129991812972)"
11_32,"(0.528521361635843, 0.18388596768883297)"
10_27,"(0.48672486389791997, 0.20066698882540088)"
15_22,"(0.45329168209400417, 0.18412461424165577)"
12_03,"(0.42367043364953466, 0.142466131415962)"
09_43,"(0.41156863723098774, 0.11958594447530987)"
07_27,"(0.34318526827136725, 0.22200035915246824)"
06_08,"(0.5045173235717396, 0.06415614978853292)"
10_48,"(0.3360861788982408, 0.14717943411388373)"
17_21,"(0.5479978027994336, 0.12132411530860386)"
13_32,"(0.3200894766946183, 0.1654453220213972)"
02_09,"(0.3372051092854569, 0.06486505696891035)"
09_39,"(0.5302063496451626, 0.1976061088853662)"
04_14,"(0.36076359208257924, 0.12102487775056257)"
10_09,"(0.5061730454330783, 0.07911639662767994)"
01_03,"(0.42236241420445897, 0.2078674858545584)"
01_36,"(0.5150631207497021, 0.20222807655374433)"
04_42,"(0.4496649315999254, 0.15924112754594189)"
12_13,"(0.3861240741233451, 0.27104562563030465)"
07_02,"(0.5134353702130714, 0.06557053782251014)"
11_27,"(0.4231377315584496, 0.13868094685503923)"
08_19,"(0.42919581033702997, 0.055458329498578096)"
03_01,"(0.4046775863075748, 0.11886923279544158)"
00_48,"(0.39267813466375756, 0.05136562421501301)"
06_40,"(0.436401919398925, 0.06159417211743395)"
02_16,"(0.4158520245161202, 0.18803197483036233)"
05_46,"(0.4753455958954234, 0.1025993919662574)"
06_29,"(0.3553050747637943, 0.11178208842726571)"
14_38,"(0.39908761764798173, 0.20575367287995386)"
11_23,"(0.5448263375979356, 0.15915487958242774)"
04_27,"(0.555086947990827, 0.11991785819087757)"
00_30,"(0.5369910501130903, 0.2634240925734538)"
03_13,"(0.4215833848916991, 0.12245591715840815)"
06_43,"(0.4607356108620742, 0.21777647552274665)"
01_32,"(0.3095642073324815, 0.22432660139388963)"
12_38,"(0.4967299539625073, 0.2908437867600458)"
10_22,"(0.4472597834368957, 0.27808202278891175)"
00_07,"(0.29775939841624, 0.24415706501886575)"
05_02,"(0.5006676229237437, 0.12671931444717624)"
03_25,"(0.5244060648003834, 0.06226955599302456)"
01_19,"(0.5436451840189342, 0.2941428673545859)"
05_01,"(0.4124628328393898, 0.14313926688856873)"
14_43,"(0.3169736924609237, 0.1662073627775778)"
09_48,"(0.45102576508501835, 0.09503035050438273)"
01_10,"(0.4057094576064513, 0.17317030343129677)"
02_27,"(0.48227408543241285, 0.1880402312435125)"
03_49,"(0.4254988725656452, 0.07598820958620592)"
03_42,"(0.411610034169829, 0.22389942962293655)"
08_29,"(0.41555911563609577, 0.1919158366352723)"
01_29,"(0.4388147194833935, 0.283473918816795)"
05_31,"(0.545363998638158, 0.2810238642562743)"
06_05,"(0.3490215440356389, 0.26381646797665076)"
14_19,"(0.3794746617641157, 0.1892960034321857)"
08_33,"(0.552228956926209, 0.2615340721840829)"
16_45,"(0.46975816790429903, 0.24581862861550796)"
12_04,"(0.5231114125805689, 0.10596464793405704)"
02_00,"(0.44409108328401603, 0.1266613309179745)"
02_07,"(0.4453419359002829, 0.16553011856257463)"
17_13,"(0.4793663403788769, 0.20896410244357383)"
12_23,"(0.3974452809140401, 0.21062370028809116)"
09_41,"(0.5061407844732704, 0.23510663252621708)"
08_35,"(0.5422693477963252, 0.15752187767859577)"
04_23,"(0.4908832674079778, 0.26439042296747667)"
13_29,"(0.49427041908829683, 0.2508478862722172)"
16_12,"(0.4780630876829122, 0.20219230875156535)"
01_39,"(0.3723666722443322, 0.10854022177484965)"
06_36,"(0.5245811634881872, 0.20371240250516306)"
11_12,"(0.5130824968460135, 0.29902421372800897)"
10_49,"(0.5426213292235795, 0.2445137378570376)"
13_43,"(0.35787212702541643, 0.14456140513002025)"
02_04,"(0.332024413606875, 0.11327654267371379)"
09_10,"(0.5353420942844948, 0.1571839443824826)"
01_34,"(0.29163027567514405, 0.12995763692599183)"
00_44,"(0.30310431493368883, 0.055359087605975084)"
07_22,"(0.36073118841039353, 0.1466952203242904)"
10_14,"(0.39000125577721767, 0.057895555915411824)"
15_03,"(0.38706969408398284, 0.19801424757187858)"
09_15,"(0.38838513128862884, 0.22863879909231932)"
00_47,"(0.5389248649288129, 0.0553919906560934)"
11_41,"(0.3368829253343024, 0.11837721809704338)"
17_24,"(0.4366661417060914, 0.19450341038448313)"
12_19,"(0.4745777733033452, 0.2759610252391028)"
07_36,"(0.4733527967721786, 0.23031276297877332)"
16_16,"(0.40722383012111124, 0.2211810483039569)"
17_27,"(0.504190957823823, 0.2838239889798132)"
08_18,"(0.4133830937716248, 0.26616893292603694)"
01_33,"(0.39524304272103966, 0.15860012176029442)"
15_04,"(0.4136273595082488, 0.14956361266138166)"
07_06,"(0.36069506122446693, 0.1294179196682514)"
12_28,"(0.306461351555559, 0.28636962680777966)"
15_44,"(0.49475988908893787, 0.16394969478111374)"
04_38,"(0.367706429709007, 0.2888829024774432)"
02_10,"(0.3312675926397455, 0.1338309985894647)"
04_02,"(0.2999915890097651, 0.21483150226326778)"
04_00,"(0.45903986435286176, 0.14601004930777106)"
05_10,"(0.5070918306326173, 0.19832310297823433)"
05_18,"(0.3899506466978573, 0.26625916463868493)"
14_11,"(0.42600272157465535, 0.2335727825692063)"
12_02,"(0.41431482845210627, 0.12125153526556788)"
11_21,"(0.4354471035052521, 0.23988283596880242)"
11_02,"(0.5021791710973014, 0.2531920368329618)"
04_22,"(0.4441173208792498, 0.2435936192766463)"
00_33,"(0.3663641992717131, 0.15993916127043872)"
15_27,"(0.4475073899393636, 0.10519366208497605)"
03_14,"(0.4534133373475786, 0.05920277328300733)"
02_28,"(0.4888169184845302, 0.19548990209867267)"
16_32,"(0.4375378772976447, 0.18095397611852015)"
07_45,"(0.5079760538878381, 0.10109796265042166)"
08_15,"(0.535088655850526, 0.09696378373845199)"
06_24,"(0.30555724986274685, 0.20138199045024124)"
06_06,"(0.5367179828741119, 0.1206615157348855)"
04_07,"(0.32817626785367, 0.11187951063914722)"
04_10,"(0.44652081451825126, 0.3013580386231853)"
01_26,"(0.3537343050848641, 0.20053704012110896)"
17_23,"(0.4811418524777523, 0.08220870007734898)"
15_21,"(0.4635187623415828, 0.2938862074350413)"
12_18,"(0.40248002388145687, 0.0901935561903367)"
17_25,"(0.4741140847116376, 0.3156105489024194)"
12_48,"(0.3844258368737761, 0.19945140928687738)"
14_04,"(0.3716258287094, 0.13043018323871858)"
13_46,"(0.47559639280328847, 0.2744291153340709)"
13_48,"(0.42538880824215164, 0.10086586739251821)"
06_35,"(0.3780777980569264, 0.07243450028457918)"
17_36,"(0.43726625272479774, 0.05724665724643548)"
03_47,"(0.49928856374723757, 0.24070211517151902)"
17_15,"(0.4867975110699756, 0.17185885482080773)"
16_10,"(0.5335209118450829, 0.16083019410272362)"
12_05,"(0.3339056128314767, 0.15048330219277892)"
16_06,"(0.3880151017336017, 0.13222613318446083)"
03_09,"(0.6109026636073405, 0.14060635795266244)"
09_37,"(0.4415505095039456, 0.2743498986204583)"
10_41,"(0.33495972180274797, 0.07263116015597294)"
12_00,"(0.3768657346168155, 0.16499013668613333)"
01_18,"(0.47703957244469514, 0.08689279214478089)"
08_17,"(0.3238590541419738, 0.07420588149968965)"
07_12,"(0.43390153705516843, 0.14974605547488604)"
02_26,"(0.5282618633021703, 0.14390652384939082)"
07_38,"(0.5418408190573417, 0.17288983614200976)"
11_15,"(0.48520461416634103, 0.2530369918295591)"
12_42,"(0.38530123453698306, 0.17947051168486233)"
11_04,"(0.424071125895415, 0.16407692878135352)"
13_39,"(0.3680929986230916, 0.12990436049644527)"
13_00,"(0.4860298881191492, 0.072759382015648)"
04_19,"(0.5482002314291811, 0.2820975559174319)"
13_09,"(0.513227899562241, 0.26243043880292743)"
16_48,"(0.3831524482520667, 0.22228251456953957)"
15_15,"(0.5072879348702029, 0.11658001933932507)"
05_13,"(0.44807234055989187, 0.06569903597623486)"
13_25,"(0.3092754759480071, 0.24490833660869102)"
11_08,"(0.4608607573004921, 0.184394516342622)"
00_43,"(0.5185595212064704, 0.06453556593508503)"
17_29,"(0.47147853299567966, 0.04584020194351542)"
17_26,"(0.35712729280797806, 0.14834321460847752)"
01_22,"(0.4411673874361377, 0.08308506100832704)"
00_22,"(0.3565225287129307, 0.16657013467511955)"
07_24,"(0.5297244138816611, 0.2711294609519645)"
11_07,"(0.4216442723819419, 0.22033478449968844)"
16_42,"(0.5250819181327454, 0.15490927822097095)"
07_46,"(0.399813625536233, 0.06865081162373218)"
02_15,"(0.38560922924049934, 0.15699264297641177)"
09_12,"(0.47457408905045684, 0.04252577367418171)"
14_30,"(0.3354958879683848, 0.09350652962576311)"
10_00,"(0.4579500379540611, 0.07063705728704511)"
17_20,"(0.31776002091692473, 0.14533294535790284)"
04_32,"(0.457652902263273, 0.248584319412783)"
03_27,"(0.4018416343424432, 0.25150153376271095)"
08_49,"(0.3751467114004753, 0.14230567138532774)"
02_02,"(0.32026908172354285, 0.12977234805682716)"
10_46,"(0.5477966197111415, 0.07719945823113969)"
15_29,"(0.44756043039103066, 0.13312537584225848)"
12_34,"(0.539363098066138, 0.18384288105165078)"
14_08,"(0.4316446652103521, 0.22623711238854077)"
02_48,"(0.5261397563243331, 0.17032299918465266)"
00_23,"(0.4664850266717531, 0.09731150727009154)"
15_41,"(0.36445939457257825, 0.3016453043007073)"
13_21,"(0.47631746120503443, 0.13048745158498365)"
13_24,"(0.3702525898259443, 0.21067579895590158)"
12_32,"(0.4708625283584631, 0.30111457468795305)"
03_17,"(0.5438853107726027, 0.2899758728033387)"
06_37,"(0.3911255535523714, 0.2162840140264729)"
07_21,"(0.5209005618386517, 0.2632301949663277)"
10_43,"(0.31814223405691117, 0.17541999617974763)"
08_21,"(0.3811229801286879, 0.20315084171167364)"
06_39,"(0.4307936965964004, 0.2968004124948941)"
04_06,"(0.38050764591081127, 0.15170859147813834)"
12_36,"(0.5179273760204278, 0.13443152164328115)"
00_25,"(0.32439853046244854, 0.27557545786110754)"
12_07,"(0.5621935601698744, 0.09949230989482144)"
05_22,"(0.501708605127751, 0.11561150419653735)"
16_23,"(0.5217699008600455, 0.20758718968799647)"
05_49,"(0.5303783227675537, 0.29337138592147705)"
00_31,"(0.3358681668836739, 0.18533517091647447)"
02_46,"(0.37837191794973235, 0.09427509918981139)"
16_21,"(0.42244004830905907, 0.05549548570995551)"
01_42,"(0.3069674097047437, 0.17593257774870238)"
12_33,"(0.3107909768543442, 0.1011846817726044)"
17_18,"(0.4152538270535903, 0.10715980404383839)"
12_22,"(0.475722316204018, 0.03062222880188567)"
10_30,"(0.5381324076865193, 0.1566384108056622)"
03_45,"(0.32684848206756234, 0.17702354655122862)"
12_43,"(0.3112817205249504, 0.22358898808330452)"
13_49,"(0.528408321771366, 0.1532947884652594)"
05_42,"(0.5174796375659143, 0.06456928175915637)"
02_32,"(0.5446251203329721, 0.08593683540618886)"
11_14,"(0.3436651454296189, 0.056678984917907516)"
02_39,"(0.42729340355676854, 0.12246481351623065)"
01_15,"(0.36867095683225776, 0.07989228551822744)"
03_30,"(0.533577816015487, 0.2550619179793504)"
02_42,"(0.3649898970677108, 0.23267317548953675)"
10_08,"(0.34413551643410145, 0.09283213882771683)"
17_09,"(0.38266486589742865, 0.28749716932936226)"
01_49,"(0.48151381555374634, 0.17010421710948678)"
12_27,"(0.49658441221255123, 0.0649296650453161)"
01_16,"(0.4036801158039307, 0.2685386165606026)"
13_17,"(0.5161390677898572, 0.2635740547115917)"
11_47,"(0.4215164228294657, 0.1279878935712823)"
01_24,"(0.49866867979469154, 0.061870134115795956)"
09_32,"(0.45151261379575774, 0.2851018170013814)"
01_20,"(0.3247997838538716, 0.29263258230781825)"
10_24,"(0.38180652764558687, 0.11330656500428798)"
09_01,"(0.25375948585366287, 0.05822839030621739)"
01_30,"(0.5363114737251496, 0.08393921126729806)"
16_40,"(0.3705661266205505, 0.11365575969492968)"
11_17,"(0.5386367218183664, 0.2400001596310762)"
04_04,"(0.5376979212945333, 0.14133207858126978)"
16_27,"(0.5116503974226355, 0.291431594180018)"
03_00,"(0.36139073127366317, 0.22784531806942332)"
09_14,"(0.5282041880695892, 0.15405011672571758)"
08_03,"(0.4330982332160146, 0.1608534197653263)"
04_47,"(0.469500742654061, 0.15204167328104928)"
08_30,"(0.43295908257238885, 0.2579110822326064)"
04_13,"(0.3096807606882363, 0.15727096767345997)"
07_13,"(0.35894207282556234, 0.12876762850686457)"
09_16,"(0.519522238026416, 0.052778791648682974)"
11_48,"(0.29580874542632374, 0.21597737438624404)"
02_19,"(0.4188106628038359, 0.10261884044630554)"
12_39,"(0.4866794929752189, 0.19747566352485693)"
04_39,"(0.3951642680044247, 0.18024433254123143)"
17_19,"(0.3637370909189721, 0.2964151347310076)"
01_05,"(0.47685021618418005, 0.2154521197244046)"
08_42,"(0.5136121676381848, 0.07355047010667194)"
13_42,"(0.4434701568508295, 0.2469361316689618)"
01_45,"(0.5301652915752917, 0.16038681991836895)"
06_04,"(0.3705512564725432, 0.04591254180460592)"
11_16,"(0.5011879581338929, 0.29592232877063823)"
11_05,"(0.5429049497117424, 0.21701540667797517)"
07_09,"(0.389241535064299, 0.12009268443842523)"
03_34,"(0.5420493233103978, 0.25028965414455157)"
15_46,"(0.5337114198006827, 0.06841591618048504)"
07_25,"(0.424284277745892, 0.07116782525225726)"
01_17,"(0.5338553020889705, 0.14496304872085036)"
13_11,"(0.4299378297685948, 0.28400602427452837)"
14_29,"(0.532512271918632, 0.18731908571812575)"
01_40,"(0.35541455687205953, 0.2050768689944003)"
05_45,"(0.41640115875158734, 0.13660176739367716)"
15_07,"(0.4646605016741022, 0.08639578732910948)"
12_45,"(0.39930118339919335, 0.05119167173088818)"
02_17,"(0.4333190150424512, 0.16656035043167475)"
13_07,"(0.38724087062997187, 0.3032107476655248)"
12_40,"(0.6081570829059031, 0.23452426054827905)"
11_24,"(0.45606008977195356, 0.15788275035063026)"
15_16,"(0.4060423067281962, 0.09810552124009661)"
01_37,"(0.5670820278325387, 0.15912886060541426)"
11_03,"(0.5563004992463556, 0.15138989397851033)"
16_30,"(0.30250916285386587, 0.2734513223775506)"
07_18,"(0.47014788467026025, 0.10530170109052084)"
10_17,"(0.33229997374055154, 0.15497593154795175)"
17_37,"(0.3626049595729937, 0.0929516990961026)"
14_07,"(0.5550293779858205, 0.2828391994297051)"
17_16,"(0.47437242234217497, 0.1308572042284036)"
12_14,"(0.3272180717377619, 0.08346273246981184)"
14_31,"(0.38179795471443967, 0.21031752340315035)"
01_12,"(0.4869091777155422, 0.06476652149477453)"
00_14,"(0.5309103708404421, 0.2691909528153276)"
09_28,"(0.45164713662217204, 0.1478624772812093)"
16_19,"(0.30397807133026405, 0.1138108399618811)"
08_32,"(0.3733387901773084, 0.21252076031738287)"
03_06,"(0.49770157865286774, 0.1976341505626389)"
05_12,"(0.4432166890370736, 0.06782452662115504)"
04_24,"(0.46496677659032715, 0.13605176687024004)"
16_43,"(0.46208638692151455, 0.16976619651705235)"
06_00,"(0.44246580393791857, 0.2572589027775761)"
08_25,"(0.4234902101159656, 0.22530193484425778)"
09_05,"(0.529572175166933, 0.2870041309385789)"
15_30,"(0.4662499897797723, 0.29612252427745583)"
01_46,"(0.3532553787025421, 0.17257856176670217)"
01_41,"(0.452054219365001, 0.10299412521599342)"
00_49,"(0.39198506942297073, 0.0021410897862125036)"
09_29,"(0.3964063441289638, 0.05453534957227726)"
15_09,"(0.46765879116291637, 0.14083524593532656)"
03_19,"(0.4718169938208179, 0.11333449844644843)"
06_14,"(0.4799290162267542, 0.2582892049569717)"
05_44,"(0.5394431952215323, 0.24308344432320395)"
16_31,"(0.3007505713353394, 0.04769344430835225)"
14_44,"(0.4314563931403975, 0.28499628233013263)"
14_28,"(0.3275734552259226, 0.08375425704265424)"
12_17,"(0.477570765328821, 0.2747235346339428)"
03_11,"(0.38004671495068854, 0.04463029877775129)"
10_44,"(0.4454665574550711, 0.14505968532214286)"
15_02,"(0.3952213110525341, 0.26791629633617736)"
14_45,"(0.43560401920877195, 0.2030864516675526)"
04_49,"(0.3837632458826247, 0.2618565162726223)"
00_03,"(0.4332792104752453, 0.07679753533736794)"
01_09,"(0.40493379278664665, 0.16897095343934115)"
10_26,"(0.29169832696693326, 0.11536077650839649)"
08_10,"(0.3455775498453797, 0.2728210603874478)"
06_01,"(0.55310431918272, 0.07309545895057157)"
08_36,"(0.5108010840479655, 0.12237665178669972)"
07_29,"(0.40930595030601663, 0.20115631139835513)"
14_01,"(0.42944135913511905, 0.048594381459048305)"
00_41,"(0.40121863133047025, 0.30698315605257903)"
15_45,"(0.45924607984536336, 0.34646100559044396)"
10_37,"(0.43308557926026603, 0.15930406405900974)"
17_07,"(0.3296098153723661, 0.2835002355444764)"
14_42,"(0.3482579987602619, 0.16546842178108148)"
11_00,"(0.40872431979692414, 0.2468753461307256)"
09_38,"(0.3499021038759302, 0.20471273272462567)"
12_47,"(0.4095324837852262, 0.05028925148780821)"
03_44,"(0.33673003596013384, 0.29475616786990816)"
11_18,"(0.4793221206181598, 0.23477080243490303)"
14_02,"(0.4936063613008801, 0.24556423074561676)"
07_49,"(0.4034431765891378, 0.14461646027909245)"
06_31,"(0.303617494921317, 0.04984367601725292)"
02_43,"(0.4498969904364335, 0.16117436871968463)"
09_13,"(0.4006385816223346, 0.021828277840006488)"
05_34,"(0.5473769487359762, 0.145323317010772)"
14_05,"(0.49699992668885107, 0.2643098695785162)"
13_37,"(0.510863145751522, 0.2738076073634006)"
06_15,"(0.43943408218285646, 0.09953099972759645)"
15_31,"(0.3786033821486355, 0.19810729217879072)"
16_29,"(0.317357873409585, 0.28093266444767534)"
03_36,"(0.548643294713719, 0.20705932612772868)"
06_44,"(0.32248581903544815, 0.1448143772902108)"
10_36,"(0.5301700742224699, 0.09641618326782117)"
04_11,"(0.48724305873480206, 0.20151573315688165)"
06_34,"(0.30750810835835607, 0.07816151862092287)"
00_42,"(0.5409571973702776, 0.10119617752827573)"
17_02,"(0.4982770615242998, 0.06276143236923534)"
04_31,"(0.3684665561540974, 0.19519371548431755)"
16_18,"(0.4073159456219681, 0.12974782161397336)"
16_26,"(0.5219609655188815, 0.22264233867925126)"
16_07,"(0.37214921699509607, 0.2851896030231466)"
04_28,"(0.5268461132969992, 0.19833539032085193)"
12_41,"(0.4554083308836795, 0.183175852029646)"
03_20,"(0.5500181168951633, 0.26850622248923617)"
01_28,"(0.32668604724980166, 0.25705446438490065)"
11_13,"(0.3034308096528693, 0.2841550631296491)"
06_27,"(0.4009116075160839, 0.09958015682588572)"
00_18,"(0.32865068594439045, 0.08728389560434643)"
00_40,"(0.5299247304949221, 0.2916671583282473)"
13_38,"(0.3249099383576688, 0.048700415348366916)"
15_14,"(0.3964843694569719, 0.23673823748766462)"
17_46,"(0.3913128027873647, 0.2519059409660841)"
03_10,"(0.37253749027231137, 0.2735506742324839)"
14_41,"(0.5006494170504049, 0.30395897754673257)"
00_11,"(0.5127460977625503, 0.07906059760228606)"
13_19,"(0.4282473561590159, 0.22630253229924624)"
09_17,"(0.4420229400986243, 0.14945990553907376)"
02_31,"(0.42198581296148185, 0.2898419969821907)"
17_45,"(0.4731806032822235, 0.21866629149765152)"
10_19,"(0.5215055970695067, 0.1979542698595691)"
04_12,"(0.49586378286636923, 0.08319926262603168)"
03_35,"(0.3163974943990611, 0.23789940981859387)"
13_03,"(0.4707088635805586, 0.14285514269277846)"
00_13,"(0.31390065633287156, 0.17727500036028337)"
00_02,"(0.35458378557371434, 0.2099135303994983)"
06_13,"(0.4911059302651786, 0.2061574565926325)"
07_19,"(0.4345262125220123, 0.2528908729803664)"
16_22,"(0.4724729687271054, 0.2695022853711271)"
17_32,"(0.5256066145600173, 0.2656753966704239)"
08_04,"(0.4133044953090205, 0.18589426641096993)"
04_18,"(0.40249388704107525, 0.3190246293158976)"
17_22,"(0.39791654615345484, 0.2833440906031826)"
14_32,"(0.5361127315650562, 0.27290954148715996)"
01_21,"(0.5276484856938972, 0.20289314354973825)"
06_21,"(0.5411062611624773, 0.170537500915346)"
08_02,"(0.5052855443475113, 0.14380495890114928)"
16_39,"(0.512965091606137, 0.12026059750589954)"
11_20,"(0.41287212990311584, 0.1674724510142929)"
15_47,"(0.363941071223598, 0.046358146490642016)"
05_16,"(0.49497180878099717, 0.2180144947795035)"
14_47,"(0.4420489929481141, 0.12477814145663536)"
08_39,"(0.34909693072008485, 0.24134341810031687)"
14_18,"(0.5307638719112894, 0.07275507901520231)"
13_31,"(0.392613403214052, 0.26795111572110386)"
05_20,"(0.5424642833320007, 0.2667407062352914)"
02_20,"(0.517333394786633, 0.07017999524291328)"
16_04,"(0.5391003838056628, 0.15639630069133553)"
09_06,"(0.4070780925165558, 0.2885308723077579)"
03_40,"(0.5440930867877524, 0.19842049376028567)"
00_10,"(0.4632912151110527, 0.25112362955426937)"
09_21,"(0.33647781085471345, 0.0835823440593837)"
02_25,"(0.42345440583507626, 0.17029433621051318)"
06_42,"(0.34266040096788, 0.023403858356760177)"
05_37,"(0.533125286169589, 0.053806067576794916)"
08_20,"(0.35211845295068483, 0.22245097258563826)"
07_37,"(0.4577391572521776, 0.17235168328731443)"
05_41,"(0.5319435547085785, 0.29494341272869146)"
14_15,"(0.2937601044580763, 0.1423471813465633)"
03_23,"(0.4545708048530204, 0.16212883458278207)"
05_08,"(0.3232997497151089, 0.04114606557137007)"
09_27,"(0.47294599248118757, 0.24967003179425493)"
05_03,"(0.461501824939513, 0.071870758459689)"
06_07,"(0.5223780450210683, 0.06759652119482287)"
08_08,"(0.386551727314611, 0.26656050678111187)"
13_12,"(0.4085274638178389, 0.23026231199591546)"
06_30,"(0.36993056520515966, 0.2947502056891064)"
03_29,"(0.3055962715890375, 0.20955335564395164)"
01_23,"(0.3949827862800478, 0.1538854773529802)"
15_26,"(0.38722222262524053, 0.13466783327019533)"
16_37,"(0.3008416362793359, 0.29173482543487045)"
04_37,"(0.4782104166276533, 0.08587768905947106)"
15_25,"(0.4827464915377748, 0.25797718657709695)"
03_03,"(0.5264552294376306, 0.2029209379815898)"
09_40,"(0.46515681331307507, 0.185810545019544)"
01_43,"(0.4463578116050477, 0.1862161565923442)"
03_39,"(0.35012248971421334, 0.2612239202361558)"
10_40,"(0.4568911819604954, 0.18989086716467804)"
07_11,"(0.4880890827159112, 0.07087706842925669)"
14_46,"(0.5182674937413453, 0.38860747951553165)"
13_34,"(0.442709360006387, 0.05702944623491507)"
15_08,"(0.5109282195524191, 0.12287418865832606)"
01_08,"(0.339745923850395, 0.17674348592818157)"
15_18,"(0.3158967103639281, 0.06455812903041942)"
05_06,"(0.35714670076791477, 0.20907244017287335)"
15_20,"(0.42514944221940326, 0.11118063142578795)"
06_16,"(0.5087378048674833, 0.10594434387689747)"
14_39,"(0.5202989684853894, 0.23030348032392126)"
13_08,"(0.37363186375828766, 0.06248404519761371)"
07_05,"(0.45473312031801566, 0.16792598965743075)"
17_38,"(0.35708669393893894, 0.1093784049217944)"
07_33,"(0.3281962780800734, 0.2837668919419488)"
04_40,"(0.389820966273411, 0.18326652887893918)"
08_14,"(0.494052439416633, 0.22809249836886356)"
13_40,"(0.36886238669115373, 0.2264829137300222)"
08_16,"(0.4156558475864779, 0.17695162545052662)"
00_32,"(0.4541622973753223, 0.11232564359165385)"
06_26,"(0.3729366646011063, 0.08804790155005883)"
12_26,"(0.3232965362959993, 0.05707669539628997)"
08_37,"(0.40616929409584623, 0.05994511918919654)"
04_43,"(0.481718343086651, 0.1666125976393572)"
06_28,"(0.2985570430036916, 0.10847496222909349)"
05_21,"(0.3525643089873072, 0.05629407157366586)"
14_22,"(0.45861480619806466, 0.27553025360888045)"
11_22,"(0.4988170041683261, 0.08154100565827256)"
16_25,"(0.2300770482693089, 0.09103562114010523)"
00_12,"(0.45544294215379544, 0.07999310192684665)"
06_25,"(0.46716426843430786, 0.13931213005598866)"
17_05,"(0.4477575357976613, 0.2423268956261066)"
00_00,"(0.3684579218247379, 0.09888926164403794)"
03_02,"(0.3455140295414661, 0.19168680163677723)"
04_45,"(0.5114599092493524, 0.1640464963569491)"
12_37,"(0.4444717459401124, 0.06827524307399874)"
02_11,"(0.38020844633383316, 0.2730813399738394)"
00_16,"(0.46777981023951104, 0.12777823354740228)"
03_21,"(0.48999005072530466, 0.29431863622534443)"
05_25,"(0.49773963366195384, 0.1945772445766756)"
00_17,"(0.4444306226277394, 0.2506753033778437)"
06_11,"(0.36452970712299515, 0.23003343372445859)"
16_33,"(0.5484264340004256, 0.1327802603718706)"
04_30,"(0.43553265532338936, 0.26882871316519485)"
16_01,"(0.39645537147324866, 0.11815604297702767)"
10_02,"(0.5141946640993325, 0.04834567830455934)"
12_20,"(0.3456566954431769, 0.21397566613312144)"
16_36,"(0.5626369779477361, 0.05392125420910729)"
06_47,"(0.4796145211239604, 0.07787136698667046)"
10_35,"(0.3788884401971419, 0.27016367930026186)"
07_42,"(0.5381376641906784, 0.05508803228399835)"
16_14,"(0.5113201464845811, 0.06159354050643402)"
14_34,"(0.4336435350866248, 0.09852676391582045)"
06_38,"(0.4988979608929168, 0.13017167622480083)"
17_31,"(0.409376988492363, 0.24000849839563687)"
01_25,"(0.4158251470467238, 0.14144377012492076)"
03_41,"(0.40216665037915245, 0.11515699902464879)"
07_15,"(0.5320736046536687, 0.09249392325411018)"
07_20,"(0.41621077603188084, 0.10024975027326354)"
07_34,"(0.500108336831345, 0.0911460194994111)"
11_25,"(0.32788326220184905, 0.1656903007506514)"
07_26,"(0.5120108286611191, 0.06739958730628014)"
11_01,"(0.46277156521122376, 0.1856905675568794)"
01_01,"(0.37936899215025366, 0.20960260992190127)"
06_32,"(0.5372806248946363, 0.2965652061636029)"
11_49,"(0.5375879248769609, 0.19423953900971735)"
11_28,"(0.44066768164328624, 0.2196559481105878)"
17_30,"(0.3979283468784552, 0.11909214023331693)"
07_08,"(0.3098904014732711, 0.3192933797850086)"
05_35,"(0.4705546863323582, 0.30123191814652744)"
05_30,"(0.2559344498378475, 0.10850109839177055)"
17_11,"(0.5398223233183412, 0.09090980731422724)"
04_33,"(0.3157352768481007, 0.18910582214301502)"
10_31,"(0.5139224110853917, 0.23208836633562166)"
10_18,"(0.49523869749308963, 0.054516519540405886)"
07_47,"(0.5730038273147675, 0.24533895313799986)"
00_20,"(0.28902237149993487, 0.2891785241124548)"
12_25,"(0.5438559103933782, 0.21132732454923586)"
00_01,"(0.5223345850711639, 0.23284641495017602)"
01_00,"(0.3495589547925806, 0.24874446107513962)"
10_45,"(0.4442773108263641, 0.26216972588679555)"
07_43,"(0.47575220398539053, 0.13465537155474902)"
05_05,"(0.386524503533278, 0.22690763090009497)"
08_46,"(0.29461086091911703, 0.0969286803279898)"
06_17,"(0.37807922090149493, 0.27364347907892)"
16_09,"(0.346559661645323, 0.04356236034649473)"
14_06,"(0.555561224888561, 0.1373100897284973)"
04_05,"(0.4724873638422669, 0.20875085436337545)"
13_04,"(0.43742927179247315, 0.19604867023375794)"
17_12,"(0.43587472582633746, 0.09323108983617158)"
04_08,"(0.4007925723208976, 0.22164764576252793)"
15_17,"(0.4381195077121713, 0.09412001366263695)"
06_48,"(0.2981093043168977, 0.05261591936540953)"
12_49,"(0.337605310862815, 0.15792316600785913)"
00_39,"(0.4193778354847952, 0.10146767384863963)"
01_13,"(0.46003293180482274, 0.22826622232936045)"
17_33,"(0.5316808958618088, 0.181882084447468)"
08_41,"(0.5066387362202257, 0.060958219635686386)"
16_11,"(0.4751140243992442, 0.056008193672514965)"
05_00,"(0.41186306999128075, 0.06826250043501637)"
09_44,"(0.5034770395222147, 0.24244027666498)"
06_18,"(0.5086388573249413, 0.2540134390866353)"
09_49,"(0.4284455244991587, 0.2915546954631358)"
02_13,"(0.5191135527020707, 0.15449599318440266)"
07_41,"(0.5151624367239508, 0.15094329580197707)"
08_44,"(0.4668313479271125, 0.12139387197088006)"
07_04,"(0.3605162629545515, 0.18606642147243457)"
08_48,"(0.2940637582712616, 0.1570497106245356)"
14_17,"(0.3526879760476363, 0.2150360643933882)"
11_39,"(0.4475416647161123, 0.27712875496271766)"
07_16,"(0.38608755915840115, 0.18080117206886565)"
13_23,"(0.4044974082255649, 0.2801823549352549)"
04_41,"(0.5067275055998866, 0.2780683721602342)"
05_14,"(0.4375543292098203, 0.15554924723765895)"
12_11,"(0.40489739819295884, 0.26482726526179257)"
01_38,"(0.5189217117053699, 0.15585447140287548)"
04_35,"(0.534927222626413, 0.22238891996382296)"
03_16,"(0.4580615114990149, 0.20117734028570544)"
03_15,"(0.3562058972487211, 0.24071328258087765)"
12_06,"(0.3579106599925591, 0.1706025972945356)"
01_02,"(0.3028370926789778, 0.17117299395706823)"
13_10,"(0.33077038033593176, 0.2841379601995173)"
05_09,"(0.43864574352792984, 0.2805910228050439)"
10_06,"(0.4073473800384993, 0.26806043935412677)"
10_33,"(0.38391290864292793, 0.17222224561936614)"
14_26,"(0.4986646146702925, 0.23371099087164324)"
01_11,"(0.3308165704535885, 0.27378771734769763)"
09_45,"(0.5011763403770051, 0.17129035458533468)"
05_17,"(0.3349044909304687, 0.1726242347246049)"
11_29,"(0.48078911356010795, 0.22017144363161945)"
09_11,"(0.35923152174590667, 0.17385148537770265)"
11_33,"(0.4757899886511643, 0.0924455223463551)"
17_39,"(0.47512090577755084, 0.20719701914312064)"
13_02,"(0.4056108106403842, 0.3417866804441184)"
14_27,"(0.4141951224138369, 0.16226602941357607)"
14_24,"(0.3363069001267592, 0.2989022888410233)"
10_15,"(0.38869044308452766, 0.09069833453657133)"
07_28,"(0.3636762615285323, 0.05633575427905732)"
15_01,"(0.41212140060664404, 0.17360375509054518)"
16_17,"(0.4435708222842341, 0.204375484574702)"
08_01,"(0.39639164462138304, 0.10645489243172317)"
11_35,"(0.4275076134353247, 0.07832048596118968)"
15_11,"(0.37332982193859626, 0.08969513946795263)"
17_06,"(0.5538365473114998, 0.14925077410137574)"
